10cent_22.jpg,[1],"[24.0, 16.0, 130.0, 124.0]"
10cent_23.jpg,[1],"[17.0, 17.0, 132.0, 135.0]"
10cent_24.jpg,[1],"[26.0, 22.0, 143.0, 128.0]"
10cent_25.jpg,[1],"[14.0, 15.0, 131.0, 135.0]"
10cent_26.jpg,[1],"[4.0, 20.0, 138.0, 145.0]"
10cent_27.jpg,[1],"[15.0, 13.0, 132.0, 134.0]"
10cent_28.jpg,[1],"[20.0, 14.0, 129.0, 126.0]"
10cent_29.jpg,[1],"[22.0, 32.0, 125.0, 141.0]"
10cent_30.jpg,[1],"[22.0, 16.0, 138.0, 131.0]"
10cent_31.jpg,[1],"[17.0, 15.0, 135.0, 132.0]"
10cent_32.jpg,[1],"[18.0, 15.0, 133.0, 134.0]"
10cent_33.jpg,[1],"[19.0, 22.0, 133.0, 129.0]"
10cent_34.jpg,[1],"[15.0, 13.0, 133.0, 132.0]"
10cent_35.jpg,[1],"[19.0, 18.0, 138.0, 130.0]"
10cent_36.jpg,[1],"[24.0, 20.0, 134.0, 134.0]"
10cent_37.jpg,[1],"[19.0, 19.0, 132.0, 132.0]"
10cent_38.jpg,[1],"[19.0, 18.0, 139.0, 137.0]"
10cent_39.jpg,[1],"[19.0, 16.0, 130.0, 149.0]"
10cent_40.jpg,[1],"[19.0, 19.0, 129.0, 134.0]"
10cent_41.jpg,[1],"[19.0, 20.0, 128.0, 122.0]"
10cent_42.jpg,[1],"[25.0, 25.0, 124.0, 125.0]"
10cent_43.jpg,[1],"[18.0, 17.0, 130.0, 135.0]"
10cent_44.jpg,[1],"[14.0, 17.0, 130.0, 131.0]"
10cent_45.jpg,[1],"[11.0, 15.0, 134.0, 132.0]"
10cent_46.jpg,[1],"[19.0, 21.0, 139.0, 138.0]"
10cent_47.jpg,[1],"[20.0, 14.0, 129.0, 122.0]"
10cent_48.jpg,[1],"[15.0, 16.0, 135.0, 131.0]"
10cent_49.jpg,[1],"[16.0, 14.0, 139.0, 137.0]"
10cent_50.jpg,[1],"[22.0, 18.0, 135.0, 131.0]"
10cent_51.jpg,[1],"[15.0, 13.0, 139.0, 131.0]"
10cent_52.jpg,[1],"[22.0, 18.0, 132.0, 130.0]"
10cent_53.jpg,[1],"[21.0, 16.0, 133.0, 135.0]"
10cent_54.jpg,[1],"[8.0, 10.0, 129.0, 131.0]"
10cent_55.jpg,[1],"[16.0, 15.0, 135.0, 132.0]"
10cent_56.jpg,[1],"[19.0, 22.0, 132.0, 132.0]"
10cent_57.jpg,[1],"[24.0, 16.0, 133.0, 129.0]"
10cent_58.jpg,[1],"[26.0, 20.0, 126.0, 119.0]"
10cent_59.jpg,[1],"[16.0, 13.0, 135.0, 134.0]"
10cent_60.jpg,[1],"[18.0, 21.0, 135.0, 144.0]"
10cent_61.jpg,[1],"[20.0, 17.0, 134.0, 129.0]"
10cent_62.jpg,[1],"[24.0, 20.0, 130.0, 121.0]"
10cent_63.jpg,[1],"[20.0, 25.0, 131.0, 136.0]"
10cent_64.jpg,[1],"[23.0, 21.0, 133.0, 133.0]"
10cent_65.jpg,[1],"[16.0, 14.0, 132.0, 131.0]"
10cent_66.jpg,[1],"[19.0, 14.0, 132.0, 129.0]"
10cent_67.jpg,[1],"[18.0, 15.0, 137.0, 135.0]"
10cent_68.jpg,[1],"[25.0, 21.0, 128.0, 133.0]"
10cent_69.jpg,[1],"[18.0, 17.0, 140.0, 140.0]"
10cent_70.jpg,[1],"[19.0, 18.0, 132.0, 137.0]"
10cent_71.jpg,[1],"[19.0, 13.0, 135.0, 132.0]"
10cent_73.jpg,[1],"[18.0, 24.0, 131.0, 136.0]"
10cent_74.jpg,[1],"[16.0, 14.0, 137.0, 130.0]"
10cent_75.jpg,[1],"[16.0, 16.0, 136.0, 138.0]"
10cent_76.jpg,[1],"[18.0, 22.0, 134.0, 138.0]"
10cent_77.jpg,[1],"[23.0, 25.0, 131.0, 134.0]"
10cent_78.jpg,[1],"[18.0, 22.0, 138.0, 138.0]"
10cent_79.jpg,[1],"[15.0, 14.0, 133.0, 131.0]"
10cent_80.jpg,[1],"[10.0, 13.0, 128.0, 131.0]"
10cent_81.jpg,[1],"[20.0, 20.0, 125.0, 128.0]"
10cent_82.jpg,[1],"[14.0, 18.0, 137.0, 137.0]"
10cent_83.jpg,[1],"[20.0, 19.0, 137.0, 135.0]"
10cent_84.jpg,[1],"[24.0, 26.0, 134.0, 134.0]"
10cent_85.jpg,[1],"[19.0, 16.0, 135.0, 135.0]"
10cent_86.jpg,[1],"[20.0, 14.0, 137.0, 130.0]"
10cent_87.jpg,[1],"[13.0, 15.0, 132.0, 134.0]"
10cent_88.jpg,[1],"[14.0, 15.0, 134.0, 131.0]"
10cent_89.jpg,[1],"[22.0, 20.0, 136.0, 133.0]"
10cent_90.jpg,[1],"[17.0, 16.0, 134.0, 133.0]"
10cent_91.jpg,[1],"[6.0, 14.0, 124.0, 133.0]"
10cent_92.jpg,[1],"[16.0, 12.0, 132.0, 126.0]"
10cent_93.jpg,[1],"[22.0, 19.0, 127.0, 125.0]"
10cent_94.jpg,[1],"[30.0, 22.0, 134.0, 127.0]"
10cent_95.jpg,[1],"[18.0, 13.0, 129.0, 132.0]"
10cent_96.jpg,[1],"[18.0, 20.0, 120.0, 127.0]"
10cent_97.jpg,[1],"[17.0, 18.0, 134.0, 136.0]"
10cent_98.jpg,[1],"[17.0, 14.0, 132.0, 133.0]"
10cent_99.jpg,[1],"[20.0, 16.0, 132.0, 130.0]"
10cent_100.jpg,[1],"[21.0, 19.0, 137.0, 139.0]"
10cent_101.jpg,[1],"[25.0, 19.0, 133.0, 126.0]"
10cent_102.jpg,[1],"[14.0, 15.0, 138.0, 139.0]"
10cent_103.jpg,[1],"[19.0, 13.0, 143.0, 137.0]"
10cent_104.jpg,[1],"[24.0, 16.0, 134.0, 126.0]"
10cent_105.jpg,[1],"[20.0, 15.0, 134.0, 130.0]"
10cent_106.jpg,[1],"[26.0, 22.0, 140.0, 132.0]"
10cent_107.jpg,[1],"[13.0, 16.0, 135.0, 133.0]"
10cent_108.jpg,[1],"[20.0, 20.0, 127.0, 128.0]"
10cent_109.jpg,[1],"[18.0, 17.0, 130.0, 130.0]"
10cent_110.jpg,[1],"[18.0, 14.0, 135.0, 131.0]"
10cent_111.jpg,[1],"[22.0, 28.0, 129.0, 138.0]"
10cent_112.jpg,[1],"[17.0, 22.0, 130.0, 135.0]"
10cent_113.jpg,[1],"[19.0, 24.0, 131.0, 132.0]"
10cent_114.jpg,[1],"[15.0, 16.0, 130.0, 134.0]"
10cent_115.jpg,[1],"[15.0, 15.0, 131.0, 135.0]"
10cent_116.jpg,[1],"[15.0, 13.0, 137.0, 132.0]"
10cent_117.jpg,[1],"[14.0, 26.0, 128.0, 136.0]"
10cent_118.jpg,[1],"[20.0, 22.0, 127.0, 135.0]"
10cent_119.jpg,[1],"[14.0, 15.0, 131.0, 131.0]"
10cent_120.jpg,[1],"[16.0, 15.0, 134.0, 131.0]"
10cent_121.jpg,[1],"[19.0, 20.0, 137.0, 137.0]"
10cent_122.jpg,[1],"[21.0, 15.0, 133.0, 127.0]"
10cent_123.jpg,[1],"[21.0, 15.0, 131.0, 126.0]"
10cent_124.jpg,[1],"[18.0, 21.0, 129.0, 133.0]"
10cent_125.jpg,[1],"[14.0, 13.0, 134.0, 129.0]"
10cent_126.jpg,[1],"[25.0, 20.0, 131.0, 117.0]"
10cent_127.jpg,[1],"[21.0, 22.0, 137.0, 141.0]"
10cent_128.jpg,[1],"[20.0, 28.0, 129.0, 133.0]"
10cent_129.jpg,[1],"[19.0, 15.0, 122.0, 121.0]"
10cent_130.jpg,[1],"[15.0, 15.0, 135.0, 138.0]"
10cent_131.jpg,[1],"[23.0, 18.0, 136.0, 131.0]"
10cent_132.jpg,[1],"[26.0, 19.0, 129.0, 124.0]"
10cent_133.jpg,[1],"[31.0, 17.0, 130.0, 119.0]"
10cent_134.jpg,[1],"[21.0, 22.0, 131.0, 133.0]"
10cent_135.jpg,[1],"[14.0, 18.0, 134.0, 138.0]"
10cent_136.jpg,[1],"[20.0, 17.0, 129.0, 126.0]"
10cent_137.jpg,[1],"[25.0, 25.0, 128.0, 131.0]"
10cent_138.jpg,[1],"[27.0, 24.0, 134.0, 131.0]"
10cent_139.jpg,[1],"[17.0, 17.0, 135.0, 131.0]"
10cent_140.jpg,[1],"[25.0, 23.0, 132.0, 131.0]"
10cent_141.jpg,[1],"[20.0, 22.0, 129.0, 134.0]"
10cent_142.jpg,[1],"[15.0, 15.0, 132.0, 129.0]"
10cent_143.jpg,[1],"[15.0, 15.0, 136.0, 135.0]"
10cent_144.jpg,[1],"[10.0, 14.0, 132.0, 131.0]"
10cent_145.jpg,[1],"[21.0, 15.0, 133.0, 133.0]"
10cent_146.jpg,[1],"[17.0, 15.0, 126.0, 127.0]"
10cent_147.jpg,[1],"[18.0, 22.0, 132.0, 135.0]"
10cent_148.jpg,[1],"[18.0, 19.0, 133.0, 134.0]"
10cent_149.jpg,[1],"[15.0, 16.0, 133.0, 138.0]"
10cent_150.jpg,[1],"[0.0, 44.0, 84.0, 149.0]"
10cent_151.jpg,[1],"[18.0, 23.0, 132.0, 136.0]"
10cent_152.jpg,[1],"[14.0, 10.0, 135.0, 144.0]"
10cent_153.jpg,[1],"[2.0, 5.0, 127.0, 134.0]"
10cent_154.jpg,[1],"[16.0, 14.0, 129.0, 127.0]"
10cent_155.jpg,[1],"[30.0, 24.0, 129.0, 124.0]"
10cent_156.jpg,[1],"[24.0, 18.0, 139.0, 131.0]"
10cent_157.jpg,[1],"[18.0, 15.0, 131.0, 132.0]"
10cent_158.jpg,[1],"[17.0, 16.0, 134.0, 135.0]"
10cent_159.jpg,[1],"[15.0, 15.0, 141.0, 134.0]"
10cent_160.jpg,[1],"[19.0, 16.0, 136.0, 134.0]"
10cent_161.jpg,[1],"[14.0, 15.0, 131.0, 129.0]"
10cent_162.jpg,[1],"[20.0, 22.0, 134.0, 137.0]"
10cent_163.jpg,[1],"[18.0, 20.0, 131.0, 134.0]"
10cent_164.jpg,[1],"[13.0, 20.0, 135.0, 143.0]"
10cent_165.jpg,[1],"[11.0, 12.0, 131.0, 135.0]"
10cent_166.jpg,[1],"[27.0, 30.0, 129.0, 138.0]"
10cent_167.jpg,[1],"[21.0, 22.0, 125.0, 127.0]"
10cent_168.jpg,[1],"[20.0, 17.0, 135.0, 130.0]"
10cent_169.jpg,[1],"[11.0, 18.0, 130.0, 137.0]"
10cent_170.jpg,[1],"[15.0, 23.0, 121.0, 130.0]"
10cent_171.jpg,[1],"[15.0, 23.0, 130.0, 131.0]"
10cent_172.jpg,[1],"[23.0, 25.0, 127.0, 133.0]"
10cent_173.jpg,[1],"[15.0, 15.0, 131.0, 133.0]"
10cent_174.jpg,[1],"[20.0, 25.0, 137.0, 137.0]"
10cent_175.jpg,[1],"[21.0, 21.0, 127.0, 129.0]"
10cent_176.jpg,[1],"[22.0, 25.0, 133.0, 132.0]"
10cent_177.jpg,[1],"[20.0, 21.0, 130.0, 128.0]"
10cent_178.jpg,[1],"[15.0, 16.0, 134.0, 139.0]"
10cent_179.jpg,[1],"[18.0, 19.0, 135.0, 136.0]"
10cent_180.jpg,[1],"[20.0, 23.0, 130.0, 131.0]"
10cent_181.jpg,[1],"[7.0, 20.0, 128.0, 137.0]"
10cent_182.jpg,[1],"[13.0, 11.0, 130.0, 133.0]"
10cent_183.jpg,[1],"[25.0, 21.0, 130.0, 128.0]"
10cent_184.jpg,[1],"[18.0, 16.0, 133.0, 130.0]"
10cent_185.jpg,[1],"[15.0, 19.0, 136.0, 134.0]"
10cent_186.jpg,[1],"[20.0, 23.0, 125.0, 130.0]"
10cent_187.jpg,[1],"[19.0, 19.0, 127.0, 127.0]"
10cent_188.jpg,[1],"[17.0, 19.0, 133.0, 135.0]"
10cent_189.jpg,[1],"[18.0, 15.0, 134.0, 130.0]"
10cent_190.jpg,[1],"[17.0, 17.0, 131.0, 129.0]"
10cent_191.jpg,[1],"[20.0, 20.0, 131.0, 133.0]"
10cent_192.jpg,[1],"[20.0, 22.0, 125.0, 129.0]"
10cent_193.jpg,[1],"[18.0, 16.0, 134.0, 129.0]"
10cent_194.jpg,[1],"[17.0, 16.0, 131.0, 131.0]"
10cent_195.jpg,[1],"[22.0, 22.0, 137.0, 135.0]"
10cent_196.jpg,[1],"[18.0, 15.0, 136.0, 132.0]"
10cent_197.jpg,[1],"[13.0, 13.0, 135.0, 130.0]"
10cent_198.jpg,[1],"[16.0, 17.0, 134.0, 135.0]"
10cent_199.jpg,[1],"[16.0, 17.0, 131.0, 133.0]"
10cent_200.jpg,[1],"[13.0, 12.0, 134.0, 133.0]"
10cent_201.jpg,[1],"[18.0, 20.0, 133.0, 135.0]"
10cent_202.jpg,[1],"[17.0, 18.0, 127.0, 127.0]"
10cent_203.jpg,[1],"[20.0, 21.0, 134.0, 133.0]"
10cent_204.jpg,[1],"[14.0, 8.0, 144.0, 138.0]"
10cent_205.jpg,[1],"[21.0, 22.0, 127.0, 130.0]"
10cent_206.jpg,[1],"[24.0, 22.0, 127.0, 127.0]"
10cent_207.jpg,[1],"[26.0, 35.0, 131.0, 136.0]"
10cent_208.jpg,[1],"[11.0, 19.0, 130.0, 139.0]"
10cent_209.jpg,[1],"[13.0, 10.0, 133.0, 137.0]"
10cent_210.jpg,[1],"[9.0, 9.0, 133.0, 130.0]"
10cent_211.jpg,[1],"[23.0, 20.0, 130.0, 128.0]"
10cent_212.jpg,[1],"[17.0, 19.0, 125.0, 120.0]"
10cent_213.jpg,[1],"[12.0, 13.0, 133.0, 130.0]"
10cent_214.jpg,[1],"[19.0, 16.0, 133.0, 131.0]"
10cent_215.jpg,[1],"[16.0, 17.0, 135.0, 134.0]"
10cent_216.jpg,[1],"[15.0, 17.0, 135.0, 137.0]"
10cent_217.jpg,[1],"[16.0, 10.0, 136.0, 127.0]"
10cent_218.jpg,[1],"[18.0, 13.0, 137.0, 131.0]"
10cent_219.jpg,[1],"[23.0, 25.0, 130.0, 132.0]"
10cent_220.jpg,[1],"[16.0, 19.0, 132.0, 133.0]"
10cent_221.jpg,[1],"[22.0, 19.0, 139.0, 132.0]"
10cent_222.jpg,[1],"[17.0, 13.0, 137.0, 127.0]"
10cent_223.jpg,[1],"[14.0, 14.0, 132.0, 132.0]"
10cent_224.jpg,[1],"[21.0, 15.0, 132.0, 127.0]"
10cent_225.jpg,[1],"[15.0, 16.0, 138.0, 134.0]"
10cent_226.jpg,[1],"[15.0, 15.0, 132.0, 131.0]"
10cent_227.jpg,[1],"[17.0, 21.0, 132.0, 134.0]"
10cent_228.jpg,[1],"[21.0, 18.0, 136.0, 132.0]"
10cent_229.jpg,[1],"[18.0, 20.0, 126.0, 127.0]"
10cent_230.jpg,[1],"[19.0, 23.0, 131.0, 133.0]"
10cent_231.jpg,[1],"[23.0, 22.0, 127.0, 127.0]"
10cent_232.jpg,[1],"[14.0, 13.0, 136.0, 131.0]"
10cent_233.jpg,[1],"[14.0, 11.0, 135.0, 133.0]"
10cent_234.jpg,[1],"[22.0, 26.0, 120.0, 126.0]"
10cent_235.jpg,[1],"[20.0, 18.0, 140.0, 138.0]"
10cent_236.jpg,[1],"[19.0, 16.0, 134.0, 132.0]"
10cent_237.jpg,[1],"[19.0, 19.0, 136.0, 135.0]"
10cent_238.jpg,[1],"[19.0, 20.0, 136.0, 131.0]"
10cent_239.jpg,[1],"[20.0, 18.0, 133.0, 132.0]"
10cent_240.jpg,[1],"[14.0, 21.0, 128.0, 134.0]"
10cent_241.jpg,[1],"[17.0, 14.0, 135.0, 132.0]"
10cent_242.jpg,[1],"[22.0, 21.0, 131.0, 131.0]"
10cent_243.jpg,[1],"[17.0, 13.0, 131.0, 131.0]"
10cent_244.jpg,[1],"[15.0, 15.0, 136.0, 136.0]"
10cent_245.jpg,[1],"[19.0, 22.0, 123.0, 128.0]"
10cent_246.jpg,[1],"[11.0, 15.0, 134.0, 133.0]"
10cent_247.jpg,[1],"[20.0, 13.0, 135.0, 134.0]"
10cent_248.jpg,[1],"[21.0, 26.0, 131.0, 131.0]"
10cent_249.jpg,[1],"[22.0, 27.0, 132.0, 131.0]"
10cent_250.jpg,[1],"[19.0, 26.0, 138.0, 139.0]"
10cent_251.jpg,[1],"[24.0, 18.0, 139.0, 132.0]"
10cent_252.jpg,[1],"[22.0, 18.0, 137.0, 133.0]"
10cent_253.jpg,[1],"[18.0, 13.0, 130.0, 125.0]"
10cent_254.jpg,[1],"[14.0, 21.0, 131.0, 132.0]"
10cent_255.jpg,[1],"[11.0, 19.0, 131.0, 137.0]"
10cent_256.jpg,[1],"[17.0, 18.0, 135.0, 131.0]"
10cent_257.jpg,[1],"[16.0, 16.0, 133.0, 133.0]"
10cent_258.jpg,[1],"[12.0, 13.0, 138.0, 137.0]"
10cent_259.jpg,[1],"[14.0, 15.0, 134.0, 135.0]"
10cent_260.jpg,[1],"[14.0, 14.0, 132.0, 127.0]"
10cent_261.jpg,[1],"[21.0, 20.0, 130.0, 130.0]"
10cent_262.jpg,[1],"[27.0, 23.0, 133.0, 122.0]"
10cent_263.jpg,[1],"[16.0, 13.0, 132.0, 131.0]"
10cent_264.jpg,[1],"[14.0, 18.0, 128.0, 130.0]"
10cent_265.jpg,[1],"[21.0, 18.0, 132.0, 128.0]"
10cent_266.jpg,[1],"[14.0, 16.0, 136.0, 137.0]"
10cent_267.jpg,[1],"[12.0, 11.0, 134.0, 131.0]"
10cent_268.jpg,[1],"[10.0, 16.0, 123.0, 132.0]"
10cent_269.jpg,[1],"[18.0, 12.0, 137.0, 130.0]"
10cent_270.jpg,[1],"[18.0, 22.0, 131.0, 129.0]"
10cent_271.jpg,[1],"[19.0, 19.0, 126.0, 133.0]"
10cent_272.jpg,[1],"[16.0, 18.0, 133.0, 137.0]"
10cent_273.jpg,[1],"[25.0, 16.0, 139.0, 130.0]"
10cent_274.jpg,[1],"[22.0, 14.0, 132.0, 126.0]"
10cent_275.jpg,[1],"[30.0, 31.0, 132.0, 131.0]"
10cent_276.jpg,[1],"[14.0, 11.0, 132.0, 128.0]"
10cent_277.jpg,[1],"[10.0, 16.0, 144.0, 148.0]"
10cent_278.jpg,[1],"[24.0, 23.0, 130.0, 129.0]"
10cent_279.jpg,[1],"[15.0, 17.0, 138.0, 136.0]"
10cent_280.jpg,[1],"[24.0, 22.0, 129.0, 127.0]"
10cent_281.jpg,[1],"[20.0, 25.0, 131.0, 135.0]"
10cent_282.jpg,[1],"[15.0, 18.0, 129.0, 129.0]"
10cent_283.jpg,[1],"[14.0, 10.0, 132.0, 132.0]"
10cent_284.jpg,[1],"[16.0, 16.0, 136.0, 135.0]"
10cent_285.jpg,[1],"[12.0, 10.0, 132.0, 128.0]"
10cent_286.jpg,[1],"[21.0, 18.0, 140.0, 138.0]"
10cent_287.jpg,[1],"[19.0, 22.0, 126.0, 128.0]"
10cent_288.jpg,[1],"[17.0, 15.0, 138.0, 140.0]"
10cent_289.jpg,[1],"[17.0, 28.0, 129.0, 135.0]"
10cent_290.jpg,[1],"[18.0, 20.0, 137.0, 135.0]"
10cent_291.jpg,[1],"[21.0, 16.0, 137.0, 130.0]"
10cent_292.jpg,[1],"[22.0, 19.0, 129.0, 129.0]"
10cent_293.jpg,[1],"[18.0, 18.0, 126.0, 126.0]"
10cent_294.jpg,[1],"[20.0, 11.0, 130.0, 121.0]"
10cent_295.jpg,[1],"[19.0, 17.0, 137.0, 137.0]"
10cent_296.jpg,[1],"[18.0, 27.0, 129.0, 138.0]"
10cent_297.jpg,[1],"[17.0, 20.0, 134.0, 136.0]"
10cent_298.jpg,[1],"[14.0, 14.0, 137.0, 133.0]"
10cent_299.jpg,[1],"[24.0, 19.0, 136.0, 136.0]"
10cent_300.jpg,[1],"[14.0, 10.0, 134.0, 130.0]"
10cent_301.jpg,[1],"[23.0, 18.0, 137.0, 137.0]"
10cent_302.jpg,[1],"[18.0, 22.0, 123.0, 130.0]"
10cent_303.jpg,[1],"[18.0, 19.0, 133.0, 134.0]"
10cent_304.jpg,[1],"[15.0, 18.0, 136.0, 138.0]"
10cent_305.jpg,[1],"[17.0, 16.0, 134.0, 133.0]"
10cent_306.jpg,[1],"[22.0, 14.0, 138.0, 137.0]"
10cent_307.jpg,[1],"[20.0, 22.0, 134.0, 136.0]"
10cent_308.jpg,[1],"[26.0, 17.0, 130.0, 128.0]"
10cent_309.jpg,[1],"[20.0, 13.0, 133.0, 130.0]"
10cent_310.jpg,[1],"[22.0, 21.0, 136.0, 130.0]"
10cent_311.jpg,[1],"[15.0, 20.0, 131.0, 135.0]"
10cent_312.jpg,[1],"[16.0, 15.0, 136.0, 136.0]"
10cent_313.jpg,[1],"[20.0, 19.0, 129.0, 130.0]"
10cent_314.jpg,[1],"[21.0, 17.0, 133.0, 127.0]"
10cent_315.jpg,[1],"[15.0, 16.0, 133.0, 132.0]"
10cent_316.jpg,[1],"[28.0, 25.0, 122.0, 128.0]"
10cent_317.jpg,[1],"[25.0, 27.0, 129.0, 132.0]"
10cent_318.jpg,[1],"[22.0, 26.0, 129.0, 135.0]"
10cent_319.jpg,[1],"[20.0, 21.0, 131.0, 131.0]"
10cent_320.jpg,[1],"[15.0, 18.0, 133.0, 133.0]"
10cent_321.jpg,[1],"[16.0, 18.0, 127.0, 130.0]"
10cent_322.jpg,[1],"[21.0, 17.0, 133.0, 130.0]"
10cent_323.jpg,[1],"[19.0, 19.0, 135.0, 135.0]"
10cent_324.jpg,[1],"[28.0, 29.0, 131.0, 129.0]"
10cent_325.jpg,[1],"[14.0, 16.0, 129.0, 131.0]"
10cent_326.jpg,[1],"[20.0, 12.0, 132.0, 135.0]"
10cent_327.jpg,[1],"[15.0, 14.0, 129.0, 128.0]"
10cent_328.jpg,[1],"[19.0, 18.0, 131.0, 130.0]"
10cent_329.jpg,[1],"[21.0, 12.0, 131.0, 125.0]"
10cent_330.jpg,[1],"[21.0, 25.0, 134.0, 136.0]"
10cent_331.jpg,[1],"[15.0, 17.0, 133.0, 135.0]"
10cent_332.jpg,[1],"[18.0, 15.0, 130.0, 131.0]"
10cent_333.jpg,[1],"[19.0, 16.0, 138.0, 136.0]"
10cent_334.jpg,[1],"[18.0, 18.0, 137.0, 137.0]"
10cent_335.jpg,[1],"[16.0, 17.0, 135.0, 136.0]"
10cent_336.jpg,[1],"[18.0, 14.0, 135.0, 132.0]"
10cent_337.jpg,[1],"[14.0, 11.0, 132.0, 129.0]"
10cent_338.jpg,[1],"[19.0, 21.0, 135.0, 130.0]"
10cent_339.jpg,[1],"[17.0, 18.0, 134.0, 132.0]"
10cent_340.jpg,[1],"[15.0, 16.0, 138.0, 140.0]"
10cent_341.jpg,[1],"[14.0, 17.0, 132.0, 134.0]"
10cent_342.jpg,[1],"[16.0, 11.0, 137.0, 133.0]"
10cent_343.jpg,[1],"[21.0, 22.0, 129.0, 133.0]"
10cent_344.jpg,[1],"[11.0, 14.0, 135.0, 133.0]"
10cent_345.jpg,[1],"[17.0, 24.0, 128.0, 131.0]"
10cent_346.jpg,[1],"[16.0, 15.0, 128.0, 130.0]"
10cent_347.jpg,[1],"[21.0, 23.0, 132.0, 131.0]"
10cent_348.jpg,[1],"[18.0, 23.0, 124.0, 129.0]"
10cent_349.jpg,[1],"[15.0, 15.0, 127.0, 128.0]"
10cent_350.jpg,[1],"[18.0, 18.0, 129.0, 128.0]"
10cent_351.jpg,[1],"[18.0, 24.0, 133.0, 134.0]"
10cent_352.jpg,[1],"[18.0, 23.0, 132.0, 131.0]"
10cent_353.jpg,[1],"[21.0, 17.0, 134.0, 130.0]"
10cent_354.jpg,[1],"[15.0, 15.0, 132.0, 129.0]"
10cent_355.jpg,[1],"[15.0, 19.0, 134.0, 139.0]"
10cent_356.jpg,[1],"[17.0, 16.0, 136.0, 136.0]"
10cent_357.jpg,[1],"[17.0, 16.0, 133.0, 134.0]"
10cent_358.jpg,[1],"[18.0, 16.0, 136.0, 136.0]"
10cent_359.jpg,[1],"[15.0, 18.0, 131.0, 131.0]"
10cent_360.jpg,[1],"[15.0, 14.0, 135.0, 134.0]"
10cent_361.jpg,[1],"[22.0, 18.0, 131.0, 146.0]"
10cent_362.jpg,[1],"[19.0, 16.0, 135.0, 133.0]"
10cent_363.jpg,[1],"[19.0, 22.0, 132.0, 132.0]"
10cent_364.jpg,[1],"[14.0, 15.0, 132.0, 128.0]"
10cent_365.jpg,[1],"[18.0, 19.0, 131.0, 134.0]"
10cent_366.jpg,[1],"[21.0, 19.0, 121.0, 124.0]"
10cent_367.jpg,[1],"[18.0, 20.0, 128.0, 128.0]"
10cent_368.jpg,[1],"[20.0, 18.0, 130.0, 132.0]"
10cent_369.jpg,[1],"[23.0, 16.0, 131.0, 132.0]"
10cent_370.jpg,[1],"[19.0, 15.0, 135.0, 125.0]"
10cent_371.jpg,[1],"[18.0, 21.0, 133.0, 133.0]"
10cent_372.jpg,[1],"[15.0, 12.0, 134.0, 132.0]"
10cent_373.jpg,[1],"[16.0, 14.0, 128.0, 126.0]"
10cent_374.jpg,[1],"[18.0, 20.0, 132.0, 132.0]"
10cent_375.jpg,[1],"[18.0, 18.0, 133.0, 130.0]"
10cent_376.jpg,[1],"[13.0, 17.0, 128.0, 130.0]"
10cent_377.jpg,[1],"[20.0, 12.0, 134.0, 126.0]"
10cent_378.jpg,[1],"[13.0, 22.0, 130.0, 139.0]"
10cent_379.jpg,[1],"[16.0, 11.0, 134.0, 129.0]"
10cent_380.jpg,[1],"[10.0, 8.0, 130.0, 130.0]"
10cent_381.jpg,[1],"[20.0, 15.0, 134.0, 127.0]"
10cent_382.jpg,[1],"[19.0, 17.0, 134.0, 133.0]"
10cent_383.jpg,[1],"[13.0, 18.0, 135.0, 139.0]"
10cent_384.jpg,[1],"[15.0, 13.0, 134.0, 134.0]"
10cent_385.jpg,[1],"[19.0, 17.0, 134.0, 135.0]"
10cent_386.jpg,[1],"[18.0, 14.0, 136.0, 134.0]"
10cent_387.jpg,[1],"[19.0, 11.0, 135.0, 126.0]"
10cent_388.jpg,[1],"[12.0, 11.0, 130.0, 128.0]"
10cent_389.jpg,[1],"[15.0, 15.0, 135.0, 136.0]"
10cent_390.jpg,[1],"[22.0, 18.0, 131.0, 131.0]"
10cent_391.jpg,[1],"[16.0, 15.0, 128.0, 128.0]"
10cent_392.jpg,[1],"[18.0, 15.0, 134.0, 133.0]"
10cent_393.jpg,[1],"[24.0, 20.0, 139.0, 131.0]"
10cent_394.jpg,[1],"[19.0, 27.0, 130.0, 134.0]"
10cent_395.jpg,[1],"[22.0, 23.0, 128.0, 130.0]"
10cent_396.jpg,[1],"[18.0, 21.0, 133.0, 135.0]"
10cent_397.jpg,[1],"[14.0, 24.0, 129.0, 139.0]"
10cent_398.jpg,[1],"[19.0, 22.0, 134.0, 134.0]"
10cent_399.jpg,[1],"[6.0, 12.0, 129.0, 143.0]"
10cent_400.jpg,[1],"[22.0, 22.0, 126.0, 134.0]"
10cent_401.jpg,[1],"[19.0, 13.0, 135.0, 148.0]"
10cent_402.jpg,[1],"[20.0, 24.0, 132.0, 134.0]"
10cent_403.jpg,[1],"[18.0, 16.0, 137.0, 136.0]"
10cent_404.jpg,[1],"[21.0, 17.0, 130.0, 133.0]"
10cent_405.jpg,[1],"[12.0, 13.0, 125.0, 127.0]"
10cent_406.jpg,[1],"[19.0, 15.0, 138.0, 134.0]"
10cent_407.jpg,[1],"[20.0, 25.0, 136.0, 137.0]"
10cent_408.jpg,[1],"[22.0, 19.0, 129.0, 129.0]"
10cent_409.jpg,[1],"[13.0, 16.0, 126.0, 133.0]"
10cent_410.jpg,[1],"[15.0, 15.0, 128.0, 128.0]"
10cent_411.jpg,[1],"[20.0, 18.0, 138.0, 135.0]"
10cent_412.jpg,[1],"[14.0, 14.0, 135.0, 129.0]"
10cent_413.jpg,[1],"[18.0, 19.0, 134.0, 136.0]"
10cent_414.jpg,[1],"[18.0, 22.0, 124.0, 132.0]"
10cent_415.jpg,[1],"[18.0, 24.0, 133.0, 136.0]"
10cent_416.jpg,[1],"[20.0, 16.0, 131.0, 145.0]"
10cent_417.jpg,[1],"[20.0, 18.0, 132.0, 131.0]"
10cent_418.jpg,[1],"[21.0, 17.0, 134.0, 133.0]"
10cent_419.jpg,[1],"[18.0, 13.0, 133.0, 128.0]"
10cent_420.jpg,[1],"[20.0, 13.0, 143.0, 135.0]"
10cent_421.jpg,[1],"[13.0, 14.0, 135.0, 132.0]"
10cent_422.jpg,[1],"[19.0, 20.0, 132.0, 131.0]"
10cent_423.jpg,[1],"[27.0, 18.0, 132.0, 129.0]"
10cent_424.jpg,[1],"[27.0, 21.0, 132.0, 126.0]"
10cent_425.jpg,[1],"[16.0, 20.0, 132.0, 136.0]"
10cent_426.jpg,[1],"[24.0, 23.0, 129.0, 129.0]"
10cent_427.jpg,[1],"[21.0, 24.0, 132.0, 134.0]"
10cent_428.jpg,[1],"[19.0, 23.0, 124.0, 127.0]"
10cent_429.jpg,[1],"[16.0, 17.0, 134.0, 136.0]"
10cent_430.jpg,[1],"[17.0, 19.0, 133.0, 134.0]"
10cent_431.jpg,[1],"[22.0, 19.0, 128.0, 124.0]"
10cent_432.jpg,[1],"[22.0, 25.0, 135.0, 137.0]"
10cent_433.jpg,[1],"[20.0, 21.0, 136.0, 132.0]"
10cent_434.jpg,[1],"[17.0, 17.0, 132.0, 131.0]"
10cent_435.jpg,[1],"[18.0, 24.0, 130.0, 132.0]"
10cent_436.jpg,[1],"[18.0, 25.0, 136.0, 137.0]"
10cent_437.jpg,[1],"[19.0, 18.0, 134.0, 129.0]"
10cent_438.jpg,[1],"[22.0, 20.0, 130.0, 131.0]"
10cent_439.jpg,[1],"[23.0, 27.0, 130.0, 133.0]"
10cent_440.jpg,[1],"[13.0, 13.0, 131.0, 133.0]"
10cent_441.jpg,[1],"[23.0, 22.0, 130.0, 131.0]"
10cent_442.jpg,[1],"[16.0, 19.0, 133.0, 138.0]"
10cent_443.jpg,[1],"[22.0, 24.0, 130.0, 132.0]"
10cent_444.jpg,[1],"[20.0, 15.0, 138.0, 136.0]"
10cent_445.jpg,[1],"[2.0, 6.0, 135.0, 142.0]"
10cent_446.jpg,[1],"[15.0, 15.0, 132.0, 132.0]"
10cent_447.jpg,[1],"[21.0, 20.0, 136.0, 131.0]"
10cent_448.jpg,[1],"[18.0, 16.0, 133.0, 131.0]"
10cent_449.jpg,[1],"[0.0, 10.0, 128.0, 127.0]"
10cent_450.jpg,[1],"[15.0, 16.0, 132.0, 129.0]"
10cent_451.jpg,[1],"[22.0, 16.0, 132.0, 135.0]"
10cent_452.jpg,[1],"[25.0, 19.0, 131.0, 119.0]"
10cent_453.jpg,[1],"[20.0, 15.0, 134.0, 131.0]"
10cent_454.jpg,[1],"[21.0, 18.0, 134.0, 134.0]"
10cent_455.jpg,[1],"[17.0, 14.0, 135.0, 133.0]"
10cent_456.jpg,[1],"[21.0, 18.0, 129.0, 124.0]"
10cent_457.jpg,[1],"[23.0, 26.0, 131.0, 132.0]"
10cent_458.jpg,[1],"[23.0, 26.0, 130.0, 134.0]"
10cent_459.jpg,[1],"[18.0, 23.0, 131.0, 135.0]"
10cent_460.jpg,[1],"[15.0, 13.0, 134.0, 136.0]"
10cent_461.jpg,[1],"[14.0, 11.0, 136.0, 134.0]"
10cent_462.jpg,[1],"[19.0, 25.0, 126.0, 130.0]"
10cent_463.jpg,[1],"[20.0, 14.0, 132.0, 126.0]"
10cent_464.jpg,[1],"[18.0, 18.0, 132.0, 129.0]"
10cent_465.jpg,[1],"[19.0, 18.0, 134.0, 134.0]"
10cent_466.jpg,[1],"[20.0, 19.0, 125.0, 123.0]"
10cent_467.jpg,[1],"[24.0, 22.0, 133.0, 132.0]"
10cent_468.jpg,[1],"[24.0, 22.0, 134.0, 130.0]"
10cent_469.jpg,[1],"[21.0, 19.0, 129.0, 134.0]"
10cent_470.jpg,[1],"[14.0, 16.0, 131.0, 130.0]"
10cent_471.jpg,[1],"[15.0, 21.0, 128.0, 133.0]"
10cent_472.jpg,[1],"[14.0, 18.0, 132.0, 130.0]"
10cent_473.jpg,[1],"[15.0, 15.0, 135.0, 135.0]"
10cent_474.jpg,[1],"[19.0, 17.0, 136.0, 134.0]"
10cent_475.jpg,[1],"[19.0, 19.0, 136.0, 139.0]"
10cent_476.jpg,[1],"[12.0, 14.0, 132.0, 134.0]"
10cent_477.jpg,[1],"[14.0, 23.0, 122.0, 132.0]"
10cent_478.jpg,[1],"[20.0, 7.0, 149.0, 138.0]"
10cent_479.jpg,[1],"[18.0, 15.0, 135.0, 129.0]"
10cent_480.jpg,[1],"[28.0, 27.0, 129.0, 131.0]"
10cent_481.jpg,[1],"[26.0, 19.0, 132.0, 126.0]"
10cent_482.jpg,[1],"[20.0, 12.0, 131.0, 123.0]"
10cent_483.jpg,[1],"[29.0, 21.0, 134.0, 127.0]"
10cent_484.jpg,[1],"[18.0, 20.0, 133.0, 135.0]"
10cent_485.jpg,[1],"[20.0, 16.0, 131.0, 134.0]"
10cent_486.jpg,[1],"[17.0, 21.0, 126.0, 131.0]"
10cent_487.jpg,[1],"[14.0, 25.0, 131.0, 141.0]"
10cent_488.jpg,[1],"[15.0, 14.0, 138.0, 137.0]"
10cent_489.jpg,[1],"[17.0, 16.0, 138.0, 135.0]"
10cent_490.jpg,[1],"[15.0, 15.0, 136.0, 136.0]"
10cent_491.jpg,[1],"[20.0, 23.0, 135.0, 136.0]"
10cent_492.jpg,[1],"[19.0, 20.0, 132.0, 131.0]"
10cent_493.jpg,[1],"[23.0, 19.0, 137.0, 129.0]"
10cent_494.jpg,[1],"[10.0, 13.0, 130.0, 132.0]"
10cent_495.jpg,[1],"[12.0, 19.0, 132.0, 136.0]"
10cent_496.jpg,[1],"[13.0, 9.0, 129.0, 126.0]"
10cent_497.jpg,[1],"[24.0, 22.0, 133.0, 130.0]"
10cent_498.jpg,[1],"[22.0, 19.0, 131.0, 133.0]"
10cent_499.jpg,[1],"[21.0, 20.0, 128.0, 130.0]"
10cent_500.jpg,[1],"[22.0, 24.0, 138.0, 138.0]"
10cent_501.jpg,[1],"[24.0, 21.0, 138.0, 133.0]"
10cent_502.jpg,[1],"[17.0, 22.0, 126.0, 135.0]"
10cent_503.jpg,[1],"[20.0, 21.0, 124.0, 127.0]"
10cent_504.jpg,[1],"[18.0, 13.0, 131.0, 128.0]"
10cent_505.jpg,[1],"[20.0, 23.0, 135.0, 135.0]"
10cent_506.jpg,[1],"[19.0, 17.0, 135.0, 131.0]"
10cent_507.jpg,[1],"[11.0, 10.0, 135.0, 128.0]"
10cent_508.jpg,[1],"[19.0, 14.0, 139.0, 131.0]"
10cent_509.jpg,[1],"[16.0, 23.0, 130.0, 132.0]"
10cent_510.jpg,[1],"[13.0, 14.0, 134.0, 136.0]"
10cent_511.jpg,[1],"[22.0, 19.0, 134.0, 125.0]"
10cent_512.jpg,[1],"[25.0, 16.0, 136.0, 127.0]"
10cent_513.jpg,[1],"[21.0, 21.0, 130.0, 136.0]"
10cent_514.jpg,[1],"[14.0, 15.0, 136.0, 137.0]"
10cent_515.jpg,[1],"[23.0, 22.0, 134.0, 129.0]"
10cent_516.jpg,[1],"[20.0, 4.0, 147.0, 127.0]"
10cent_517.jpg,[1],"[19.0, 28.0, 138.0, 138.0]"
10cent_518.jpg,[1],"[17.0, 15.0, 133.0, 128.0]"
10cent_519.jpg,[1],"[11.0, 20.0, 131.0, 137.0]"
10cent_520.jpg,[1],"[19.0, 20.0, 124.0, 128.0]"
10cent_521.jpg,[1],"[19.0, 17.0, 138.0, 138.0]"
10cent_522.jpg,[1],"[25.0, 26.0, 129.0, 135.0]"
10cent_523.jpg,[1],"[19.0, 19.0, 137.0, 133.0]"
10cent_524.jpg,[1],"[16.0, 14.0, 135.0, 128.0]"
10cent_525.jpg,[1],"[20.0, 17.0, 132.0, 131.0]"
10cent_526.jpg,[1],"[11.0, 13.0, 135.0, 137.0]"
10cent_527.jpg,[1],"[20.0, 1.0, 137.0, 138.0]"
10cent_528.jpg,[1],"[15.0, 1.0, 130.0, 128.0]"
10cent_529.jpg,[1],"[13.0, 13.0, 137.0, 136.0]"
10cent_530.jpg,[1],"[21.0, 21.0, 127.0, 126.0]"
10cent_531.jpg,[1],"[22.0, 22.0, 129.0, 129.0]"
10cent_532.jpg,[1],"[24.0, 16.0, 135.0, 131.0]"
10cent_533.jpg,[1],"[23.0, 25.0, 130.0, 132.0]"
10cent_534.jpg,[1],"[20.0, 19.0, 135.0, 134.0]"
10cent_535.jpg,[1],"[22.0, 15.0, 148.0, 136.0]"
10cent_536.jpg,[1],"[20.0, 21.0, 135.0, 136.0]"
10cent_537.jpg,[1],"[16.0, 15.0, 126.0, 127.0]"
10cent_538.jpg,[1],"[18.0, 21.0, 133.0, 130.0]"
10cent_539.jpg,[1],"[14.0, 18.0, 128.0, 132.0]"
10cent_540.jpg,[1],"[16.0, 9.0, 134.0, 126.0]"
10cent_541.jpg,[1],"[19.0, 15.0, 131.0, 133.0]"
10cent_542.jpg,[1],"[23.0, 24.0, 134.0, 132.0]"
10cent_543.jpg,[1],"[16.0, 13.0, 137.0, 136.0]"
10cent_544.jpg,[1],"[20.0, 19.0, 132.0, 132.0]"
10cent_545.jpg,[1],"[22.0, 24.0, 130.0, 131.0]"
10cent_546.jpg,[1],"[19.0, 17.0, 131.0, 134.0]"
10cent_547.jpg,[1],"[17.0, 17.0, 125.0, 130.0]"
10cent_548.jpg,[1],"[17.0, 11.0, 131.0, 128.0]"
10cent_549.jpg,[1],"[17.0, 17.0, 138.0, 137.0]"
10cent_550.jpg,[1],"[14.0, 16.0, 136.0, 135.0]"
10cent_551.jpg,[1],"[20.0, 21.0, 127.0, 127.0]"
10cent_552.jpg,[1],"[21.0, 22.0, 131.0, 129.0]"
10cent_553.jpg,[1],"[21.0, 26.0, 128.0, 132.0]"
10cent_554.jpg,[1],"[20.0, 18.0, 131.0, 128.0]"
10cent_555.jpg,[1],"[9.0, 18.0, 130.0, 138.0]"
10cent_556.jpg,[1],"[19.0, 25.0, 124.0, 129.0]"
10cent_557.jpg,[1],"[17.0, 20.0, 137.0, 135.0]"
10cent_558.jpg,[1],"[16.0, 26.0, 133.0, 137.0]"
10cent_559.jpg,[1],"[17.0, 14.0, 127.0, 127.0]"
10cent_560.jpg,[1],"[18.0, 23.0, 129.0, 134.0]"
10cent_561.jpg,[1],"[23.0, 21.0, 131.0, 131.0]"
10cent_562.jpg,[1],"[20.0, 18.0, 134.0, 135.0]"
10cent_563.jpg,[1],"[15.0, 22.0, 129.0, 134.0]"
10cent_564.jpg,[1],"[20.0, 18.0, 134.0, 134.0]"
10cent_565.jpg,[1],"[15.0, 17.0, 129.0, 116.0]"
10cent_566.jpg,[1],"[25.0, 32.0, 139.0, 134.0]"
10cent_567.jpg,[1],"[15.0, 16.0, 132.0, 129.0]"
10cent_568.jpg,[1],"[0.0, 46.0, 85.0, 149.0]"
10cent_569.jpg,[1],"[25.0, 18.0, 132.0, 128.0]"
10cent_570.jpg,[1],"[16.0, 14.0, 133.0, 129.0]"
10cent_571.jpg,[1],"[25.0, 16.0, 135.0, 129.0]"
10cent_572.jpg,[1],"[19.0, 14.0, 132.0, 127.0]"
10cent_573.jpg,[1],"[16.0, 15.0, 139.0, 138.0]"
10cent_574.jpg,[1],"[18.0, 17.0, 132.0, 135.0]"
10cent_575.jpg,[1],"[22.0, 21.0, 128.0, 128.0]"
10cent_576.jpg,[1],"[16.0, 22.0, 129.0, 131.0]"
10cent_577.jpg,[1],"[17.0, 20.0, 130.0, 134.0]"
10cent_578.jpg,[1],"[17.0, 16.0, 138.0, 133.0]"
10cent_579.jpg,[1],"[19.0, 22.0, 134.0, 135.0]"
10cent_580.jpg,[1],"[18.0, 19.0, 126.0, 129.0]"
10cent_581.jpg,[1],"[21.0, 24.0, 133.0, 137.0]"
10cent_582.jpg,[1],"[16.0, 15.0, 138.0, 137.0]"
10cent_583.jpg,[1],"[26.0, 22.0, 131.0, 120.0]"
10cent_584.jpg,[1],"[14.0, 13.0, 137.0, 131.0]"
10cent_585.jpg,[1],"[18.0, 13.0, 134.0, 127.0]"
10cent_586.jpg,[1],"[26.0, 22.0, 142.0, 138.0]"
10cent_587.jpg,[1],"[19.0, 17.0, 132.0, 132.0]"
10cent_588.jpg,[1],"[24.0, 17.0, 136.0, 130.0]"
10cent_589.jpg,[1],"[19.0, 15.0, 135.0, 132.0]"
10cent_590.jpg,[1],"[21.0, 15.0, 139.0, 133.0]"
10cent_591.jpg,[1],"[27.0, 22.0, 130.0, 123.0]"
10cent_592.jpg,[1],"[21.0, 17.0, 138.0, 133.0]"
10cent_593.jpg,[1],"[13.0, 17.0, 133.0, 131.0]"
10cent_594.jpg,[1],"[24.0, 22.0, 132.0, 128.0]"
10cent_595.jpg,[1],"[16.0, 15.0, 138.0, 135.0]"
10cent_596.jpg,[1],"[17.0, 13.0, 126.0, 123.0]"
10cent_597.jpg,[1],"[18.0, 13.0, 137.0, 132.0]"
10cent_598.jpg,[1],"[21.0, 24.0, 124.0, 130.0]"
10cent_599.jpg,[1],"[17.0, 24.0, 131.0, 135.0]"
10cent_600.jpg,[1],"[20.0, 16.0, 134.0, 136.0]"
10cent_601.jpg,[1],"[29.0, 21.0, 130.0, 121.0]"
10cent_602.jpg,[1],"[15.0, 17.0, 131.0, 131.0]"
10cent_603.jpg,[1],"[16.0, 17.0, 140.0, 139.0]"
10cent_604.jpg,[1],"[13.0, 18.0, 127.0, 135.0]"
10cent_605.jpg,[1],"[18.0, 14.0, 130.0, 130.0]"
10cent_606.jpg,[1],"[19.0, 15.0, 135.0, 134.0]"
10cent_607.jpg,[1],"[17.0, 15.0, 128.0, 127.0]"
10cent_608.jpg,[1],"[21.0, 19.0, 131.0, 129.0]"
10cent_609.jpg,[1],"[23.0, 27.0, 134.0, 136.0]"
10cent_610.jpg,[1],"[12.0, 12.0, 132.0, 131.0]"
10cent_611.jpg,[1],"[17.0, 16.0, 134.0, 133.0]"
10cent_612.jpg,[1],"[14.0, 14.0, 137.0, 138.0]"
10cent_613.jpg,[1],"[18.0, 18.0, 128.0, 125.0]"
10cent_615.jpg,[1],"[101.0, 113.0, 339.0, 352.0]"
10cent_616.jpg,[1],"[10.0, 73.0, 348.0, 374.0]"
10cent_617.jpg,[1],"[0.0, 1.0, 400.0, 398.0]"
10cent_618.jpg,[1],"[129.0, 12.0, 375.0, 257.0]"
10cent_619.jpg,[1],"[100.0, 2.0, 394.0, 314.0]"
10cent_620.jpg,[1],"[61.0, 72.0, 305.0, 320.0]"
10cent_621.jpg,[1],"[3.0, 67.0, 361.0, 342.0]"
10cent_622.jpg,[1],"[19.0, 1.0, 286.0, 331.0]"
10cent_623.jpg,[1],"[86.0, 84.0, 324.0, 338.0]"
10cent_624.jpg,[1],"[69.0, 44.0, 336.0, 394.0]"
10cent_625.jpg,[1],"[13.0, 5.0, 260.0, 378.0]"
10cent_626.jpg,[1],"[34.0, 86.0, 355.0, 377.0]"
10cent_627.jpg,[1],"[59.0, 7.0, 329.0, 387.0]"
10cent_628.jpg,[1],"[82.0, 76.0, 399.0, 351.0]"
10cent_629.jpg,[1],"[100.0, 48.0, 391.0, 359.0]"
10cent_630.jpg,[1],"[76.0, 75.0, 319.0, 328.0]"
10cent_631.jpg,[1],"[38.0, 19.0, 322.0, 329.0]"
10cent_632.jpg,[1],"[69.0, 73.0, 373.0, 380.0]"
10cent_633.jpg,[1],"[10.0, 23.0, 253.0, 269.0]"
10cent_634.jpg,[1],"[106.0, 46.0, 371.0, 394.0]"
10cent_635.jpg,[1],"[82.0, 65.0, 399.0, 365.0]"
10cent_636.jpg,[1],"[13.0, 126.0, 361.0, 394.0]"
10cent_637.jpg,[1],"[73.0, 74.0, 316.0, 326.0]"
10cent_638.jpg,[1],"[71.0, 130.0, 316.0, 376.0]"
10cent_639.jpg,[1],"[25.0, 69.0, 396.0, 326.0]"
10cent_640.jpg,[1],"[10.0, 45.0, 254.0, 291.0]"
10cent_641.jpg,[1],"[19.0, 71.0, 332.0, 361.0]"
10cent_642.jpg,[1],"[55.0, 57.0, 330.0, 389.0]"
10cent_643.jpg,[1],"[76.0, 83.0, 316.0, 338.0]"
10cent_644.jpg,[1],"[38.0, 54.0, 393.0, 323.0]"
10cent_645.jpg,[1],"[45.0, 65.0, 336.0, 397.0]"
10cent_646.jpg,[1],"[81.0, 100.0, 386.0, 392.0]"
10cent_647.jpg,[1],"[54.0, 82.0, 399.0, 361.0]"
10cent_648.jpg,[1],"[45.0, 10.0, 291.0, 392.0]"
10cent_649.jpg,[1],"[76.0, 74.0, 319.0, 328.0]"
10cent_650.jpg,[1],"[79.0, 77.0, 355.0, 389.0]"
10cent_651.jpg,[1],"[44.0, 50.0, 389.0, 339.0]"
10cent_652.jpg,[1],"[62.0, 2.0, 307.0, 365.0]"
10cent_653.jpg,[1],"[68.0, 83.0, 354.0, 371.0]"
10cent_654.jpg,[1],"[56.0, 50.0, 340.0, 392.0]"
10cent_655.jpg,[1],"[25.0, 76.0, 392.0, 334.0]"
10cent_656.jpg,[1],"[0.0, 17.0, 334.0, 317.0]"
10cent_657.jpg,[1],"[78.0, 81.0, 399.0, 380.0]"
10cent_658.jpg,[1],"[53.0, 4.0, 326.0, 375.0]"
10cent_659.jpg,[1],"[50.0, 56.0, 342.0, 389.0]"
10cent_660.jpg,[1],"[69.0, 42.0, 356.0, 371.0]"
10cent_661.jpg,[1],"[22.0, 76.0, 327.0, 361.0]"
10cent_662.jpg,[1],"[38.0, 9.0, 329.0, 382.0]"
10cent_663.jpg,[1],"[13.0, 5.0, 330.0, 355.0]"
10cent_664.jpg,[1],"[98.0, 32.0, 344.0, 380.0]"
10cent_665.jpg,[1],"[51.0, 22.0, 352.0, 362.0]"
10cent_666.jpg,[1],"[86.0, 70.0, 329.0, 323.0]"
10cent_667.jpg,[1],"[68.0, 32.0, 317.0, 392.0]"
10cent_668.jpg,[1],"[48.0, 47.0, 330.0, 394.0]"
10cent_669.jpg,[1],"[47.0, 81.0, 373.0, 372.0]"
10cent_670.jpg,[1],"[19.0, 64.0, 358.0, 346.0]"
10cent_671.jpg,[1],"[147.0, 38.0, 389.0, 388.0]"
10cent_672.jpg,[1],"[73.0, 51.0, 349.0, 394.0]"
10cent_673.jpg,[1],"[27.0, 19.0, 270.0, 264.0]"
10cent_674.jpg,[1],"[19.0, 65.0, 376.0, 367.0]"
10cent_675.jpg,[1],"[0.0, 39.0, 317.0, 330.0]"
10cent_676.jpg,[1],"[68.0, 70.0, 310.0, 321.0]"
10cent_677.jpg,[1],"[33.0, 0.0, 347.0, 339.0]"
10cent_678.jpg,[1],"[56.0, 34.0, 301.0, 280.0]"
10cent_679.jpg,[1],"[7.0, 8.0, 317.0, 326.0]"
10cent_680.jpg,[1],"[0.0, 71.0, 347.0, 328.0]"
10cent_681.jpg,[1],"[24.0, 51.0, 361.0, 331.0]"
10cent_682.jpg,[1],"[10.0, 18.0, 282.0, 393.0]"
10cent_683.jpg,[1],"[0.0, 61.0, 311.0, 359.0]"
10cent_684.jpg,[1],"[72.0, 66.0, 399.0, 387.0]"
10cent_685.jpg,[1],"[17.0, 4.0, 267.0, 356.0]"
10cent_686.jpg,[1],"[88.0, 70.0, 327.0, 328.0]"
10cent_687.jpg,[1],"[10.0, 1.0, 253.0, 244.0]"
10cent_688.jpg,[1],"[18.0, 77.0, 342.0, 389.0]"
10cent_689.jpg,[1],"[12.0, 65.0, 361.0, 313.0]"
10cent_690.jpg,[1],"[26.0, 56.0, 315.0, 371.0]"
10cent_691.jpg,[1],"[0.0, 133.0, 399.0, 399.0]"
10cent_692.jpg,[1],"[48.0, 88.0, 361.0, 394.0]"
10cent_693.jpg,[1],"[24.0, 83.0, 342.0, 394.0]"
10cent_694.jpg,[1],"[53.0, 61.0, 298.0, 307.0]"
10cent_695.jpg,[1],"[80.0, 44.0, 361.0, 394.0]"
10cent_696.jpg,[1],"[112.0, 79.0, 357.0, 326.0]"
10cent_697.jpg,[1],"[19.0, 84.0, 364.0, 394.0]"
10cent_698.jpg,[1],"[17.0, 36.0, 263.0, 285.0]"
10cent_699.jpg,[1],"[0.0, 189.0, 399.0, 399.0]"
10cent_700.jpg,[1],"[68.0, 77.0, 313.0, 320.0]"
10cent_701.jpg,[1],"[81.0, 69.0, 324.0, 314.0]"
10cent_702.jpg,[1],"[26.0, 36.0, 316.0, 339.0]"
10cent_703.jpg,[1],"[99.0, 25.0, 367.0, 373.0]"
10cent_704.jpg,[1],"[21.0, 88.0, 267.0, 333.0]"
10cent_705.jpg,[1],"[104.0, 16.0, 396.0, 389.0]"
10cent_706.jpg,[1],"[13.0, 59.0, 326.0, 371.0]"
10cent_707.jpg,[1],"[20.0, 10.0, 272.0, 350.0]"
10cent_708.jpg,[1],"[22.0, 41.0, 270.0, 389.0]"
10cent_709.jpg,[1],"[0.0, 2.0, 279.0, 386.0]"
10cent_710.jpg,[1],"[38.0, 93.0, 361.0, 397.0]"
10cent_711.jpg,[1],"[47.0, 63.0, 346.0, 361.0]"
10cent_712.jpg,[1],"[72.0, 68.0, 324.0, 312.0]"
10cent_713.jpg,[1],"[80.0, 70.0, 324.0, 311.0]"
10cent_714.jpg,[1],"[19.0, 13.0, 321.0, 302.0]"
10cent_715.jpg,[1],"[89.0, 69.0, 332.0, 309.0]"
10cent_716.jpg,[1],"[74.0, 78.0, 329.0, 323.0]"
10cent_717.jpg,[1],"[84.0, 73.0, 326.0, 316.0]"
10cent_718.jpg,[1],"[7.0, 63.0, 325.0, 340.0]"
10cent_719.jpg,[1],"[65.0, 84.0, 307.0, 325.0]"
10cent_720.jpg,[1],"[71.0, 63.0, 311.0, 301.0]"
10cent_721.jpg,[1],"[72.0, 74.0, 310.0, 315.0]"
10cent_722.jpg,[1],"[47.0, 100.0, 285.0, 338.0]"
10cent_723.jpg,[1],"[76.0, 81.0, 327.0, 323.0]"
10cent_724.jpg,[1],"[60.0, 36.0, 336.0, 339.0]"
10cent_725.jpg,[1],"[72.0, 80.0, 329.0, 324.0]"
10cent_726.jpg,[1],"[84.0, 82.0, 327.0, 325.0]"
10cent_727.jpg,[1],"[77.0, 94.0, 314.0, 332.0]"
10cent_728.jpg,[1],"[84.0, 56.0, 323.0, 294.0]"
10cent_729.jpg,[1],"[91.0, 72.0, 329.0, 314.0]"
10cent_730.jpg,[1],"[83.0, 72.0, 326.0, 315.0]"
10cent_731.jpg,[1],"[60.0, 78.0, 302.0, 318.0]"
10cent_732.jpg,[1],"[90.0, 77.0, 331.0, 315.0]"
10cent_733.jpg,[1],"[90.0, 87.0, 334.0, 329.0]"
10cent_734.jpg,[1],"[84.0, 75.0, 327.0, 316.0]"
10cent_735.jpg,[1],"[71.0, 85.0, 310.0, 323.0]"
10cent_736.jpg,[1],"[4.0, 22.0, 315.0, 324.0]"
10cent_737.jpg,[1],"[71.0, 74.0, 312.0, 317.0]"
10cent_738.jpg,[1],"[13.0, 20.0, 369.0, 307.0]"
10cent_739.jpg,[1],"[70.0, 75.0, 313.0, 314.0]"
10cent_740.jpg,[1],"[38.0, 24.0, 318.0, 377.0]"
10cent_741.jpg,[1],"[78.0, 67.0, 319.0, 311.0]"
10cent_742.jpg,[1],"[65.0, 75.0, 305.0, 317.0]"
10cent_743.jpg,[1],"[114.0, 60.0, 353.0, 298.0]"
10cent_744.jpg,[1],"[70.0, 76.0, 310.0, 317.0]"
10cent_745.jpg,[1],"[17.0, 8.0, 371.0, 318.0]"
10cent_746.jpg,[1],"[75.0, 60.0, 313.0, 298.0]"
10cent_747.jpg,[1],"[68.0, 77.0, 329.0, 321.0]"
10cent_748.jpg,[1],"[72.0, 55.0, 312.0, 295.0]"
10cent_749.jpg,[1],"[68.0, 89.0, 310.0, 328.0]"
10cent_750.jpg,[1],"[72.0, 77.0, 312.0, 319.0]"
10cent_751.jpg,[1],"[44.0, 26.0, 330.0, 320.0]"
10cent_752.jpg,[1],"[38.0, 78.0, 399.0, 324.0]"
10cent_753.jpg,[1],"[25.0, 27.0, 314.0, 310.0]"
10cent_754.jpg,[1],"[76.0, 77.0, 327.0, 321.0]"
10cent_755.jpg,[1],"[91.0, 84.0, 336.0, 324.0]"
10cent_756.jpg,[1],"[79.0, 4.0, 324.0, 357.0]"
10cent_757.jpg,[1],"[74.0, 91.0, 329.0, 331.0]"
10cent_758.jpg,[1],"[79.0, 72.0, 321.0, 311.0]"
10cent_759.jpg,[1],"[69.0, 83.0, 308.0, 325.0]"
10cent_760.jpg,[1],"[77.0, 67.0, 316.0, 308.0]"
10cent_761.jpg,[1],"[73.0, 83.0, 316.0, 324.0]"
10cent_762.jpg,[1],"[79.0, 72.0, 321.0, 313.0]"
10cent_763.jpg,[1],"[38.0, 13.0, 309.0, 314.0]"
10cent_764.jpg,[1],"[74.0, 68.0, 314.0, 306.0]"
10cent_765.jpg,[1],"[56.0, 86.0, 295.0, 326.0]"
10cent_766.jpg,[1],"[97.0, 77.0, 339.0, 320.0]"
10cent_767.jpg,[1],"[70.0, 2.0, 324.0, 329.0]"
10cent_768.jpg,[1],"[77.0, 68.0, 316.0, 306.0]"
10cent_769.jpg,[1],"[82.0, 72.0, 324.0, 310.0]"
10cent_770.jpg,[1],"[65.0, 69.0, 309.0, 310.0]"
10cent_771.jpg,[1],"[75.0, 85.0, 315.0, 327.0]"
10cent_772.jpg,[1],"[74.0, 86.0, 314.0, 326.0]"
10cent_773.jpg,[1],"[79.0, 72.0, 331.0, 313.0]"
10cent_774.jpg,[1],"[32.0, 38.0, 352.0, 311.0]"
10cent_775.jpg,[1],"[72.0, 17.0, 342.0, 339.0]"
10cent_776.jpg,[1],"[50.0, 5.0, 310.0, 346.0]"
10cent_777.jpg,[1],"[70.0, 88.0, 311.0, 329.0]"
10cent_778.jpg,[1],"[105.0, 84.0, 343.0, 323.0]"
10cent_779.jpg,[1],"[70.0, 73.0, 311.0, 312.0]"
10cent_780.jpg,[1],"[3.0, 13.0, 327.0, 330.0]"
10cent_781.jpg,[1],"[85.0, 66.0, 322.0, 304.0]"
10cent_782.jpg,[1],"[71.0, 87.0, 312.0, 326.0]"
10cent_783.jpg,[1],"[25.0, 2.0, 323.0, 301.0]"
10cent_784.jpg,[1],"[89.0, 65.0, 330.0, 309.0]"
10cent_785.jpg,[1],"[76.0, 83.0, 318.0, 321.0]"
10cent_786.jpg,[1],"[87.0, 71.0, 329.0, 311.0]"
10cent_787.jpg,[1],"[76.0, 79.0, 329.0, 323.0]"
10cent_788.jpg,[1],"[72.0, 70.0, 311.0, 312.0]"
10cent_789.jpg,[1],"[0.0, 71.0, 333.0, 359.0]"
10cent_790.jpg,[1],"[86.0, 66.0, 326.0, 308.0]"
10cent_791.jpg,[1],"[61.0, 76.0, 302.0, 314.0]"
10cent_792.jpg,[1],"[66.0, 13.0, 367.0, 374.0]"
10cent_793.jpg,[1],"[70.0, 88.0, 360.0, 392.0]"
10cent_794.jpg,[1],"[50.0, 36.0, 361.0, 361.0]"
10cent_795.jpg,[1],"[65.0, 79.0, 306.0, 318.0]"
10cent_796.jpg,[1],"[98.0, 82.0, 338.0, 323.0]"
10cent_797.jpg,[1],"[82.0, 58.0, 320.0, 300.0]"
10cent_798.jpg,[1],"[2.0, 69.0, 329.0, 338.0]"
10cent_799.jpg,[1],"[93.0, 77.0, 330.0, 316.0]"
10cent_800.jpg,[1],"[85.0, 70.0, 336.0, 311.0]"
10cent_801.jpg,[1],"[70.0, 13.0, 361.0, 388.0]"
10cent_802.jpg,[1],"[73.0, 73.0, 315.0, 315.0]"
10cent_803.jpg,[1],"[0.0, 39.0, 315.0, 318.0]"
10cent_804.jpg,[1],"[81.0, 76.0, 323.0, 314.0]"
10cent_805.jpg,[1],"[80.0, 70.0, 323.0, 309.0]"
10cent_806.jpg,[1],"[76.0, 75.0, 328.0, 313.0]"
10cent_807.jpg,[1],"[80.0, 64.0, 324.0, 305.0]"
10cent_808.jpg,[1],"[94.0, 78.0, 334.0, 319.0]"
10cent_809.jpg,[1],"[90.0, 85.0, 333.0, 325.0]"
10cent_810.jpg,[1],"[63.0, 73.0, 308.0, 313.0]"
10cent_811.jpg,[1],"[101.0, 74.0, 339.0, 313.0]"
10cent_812.jpg,[1],"[66.0, 52.0, 325.0, 374.0]"
10cent_813.jpg,[1],"[104.0, 72.0, 343.0, 311.0]"
10cent_814.jpg,[1],"[0.0, 0.0, 399.0, 239.0]"
10cent_815.jpg,[1],"[79.0, 79.0, 334.0, 323.0]"
10cent_816.jpg,[1],"[75.0, 79.0, 329.0, 323.0]"
10cent_817.jpg,[1],"[69.0, 85.0, 306.0, 324.0]"
10cent_818.jpg,[1],"[70.0, 71.0, 310.0, 309.0]"
10cent_819.jpg,[1],"[65.0, 75.0, 307.0, 317.0]"
10cent_820.jpg,[1],"[92.0, 72.0, 334.0, 314.0]"
10cent_821.jpg,[1],"[92.0, 70.0, 332.0, 311.0]"
10cent_822.jpg,[1],"[63.0, 87.0, 301.0, 326.0]"
10cent_823.jpg,[1],"[74.0, 83.0, 329.0, 326.0]"
10cent_824.jpg,[1],"[99.0, 81.0, 341.0, 319.0]"
10cent_825.jpg,[1],"[73.0, 69.0, 315.0, 308.0]"
10cent_826.jpg,[1],"[70.0, 3.0, 326.0, 373.0]"
10cent_827.jpg,[1],"[81.0, 70.0, 323.0, 309.0]"
10cent_828.jpg,[1],"[85.0, 71.0, 325.0, 311.0]"
10cent_829.jpg,[1],"[70.0, 75.0, 310.0, 317.0]"
10cent_830.jpg,[1],"[69.0, 75.0, 332.0, 319.0]"
10cent_831.jpg,[1],"[79.0, 10.0, 320.0, 361.0]"
10cent_832.jpg,[1],"[67.0, 38.0, 399.0, 327.0]"
10cent_833.jpg,[1],"[69.0, 82.0, 307.0, 321.0]"
10cent_834.jpg,[1],"[56.0, 4.0, 316.0, 342.0]"
10cent_835.jpg,[1],"[47.0, 5.0, 311.0, 314.0]"
10cent_836.jpg,[1],"[58.0, 78.0, 300.0, 317.0]"
10cent_837.jpg,[1],"[84.0, 70.0, 326.0, 310.0]"
10cent_838.jpg,[1],"[126.0, 140.0, 369.0, 385.0]"
10cent_839.jpg,[1],"[40.0, 140.0, 284.0, 390.0]"
10cent_840.jpg,[1],"[44.0, 15.0, 367.0, 321.0]"
10cent_841.jpg,[1],"[114.0, 16.0, 363.0, 262.0]"
10cent_842.jpg,[1],"[83.0, 8.0, 329.0, 268.0]"
10cent_843.jpg,[1],"[50.0, 54.0, 295.0, 299.0]"
10cent_844.jpg,[1],"[66.0, 47.0, 310.0, 294.0]"
10cent_845.jpg,[1],"[118.0, 47.0, 362.0, 292.0]"
10cent_846.jpg,[1],"[131.0, 104.0, 372.0, 347.0]"
10cent_847.jpg,[1],"[73.0, 69.0, 374.0, 394.0]"
10cent_848.jpg,[1],"[10.0, 51.0, 379.0, 311.0]"
10cent_849.jpg,[1],"[42.0, 129.0, 285.0, 374.0]"
10cent_850.jpg,[1],"[69.0, 44.0, 309.0, 286.0]"
10cent_851.jpg,[1],"[129.0, 99.0, 373.0, 343.0]"
10cent_852.jpg,[1],"[47.0, 0.0, 295.0, 254.0]"
10cent_853.jpg,[1],"[128.0, 47.0, 399.0, 399.0]"
10cent_854.jpg,[1],"[96.0, 10.0, 338.0, 252.0]"
10cent_855.jpg,[1],"[64.0, 69.0, 305.0, 312.0]"
10cent_856.jpg,[1],"[19.0, 117.0, 264.0, 362.0]"
10cent_857.jpg,[1],"[88.0, 14.0, 388.0, 330.0]"
10cent_858.jpg,[1],"[101.0, 73.0, 349.0, 338.0]"
10cent_859.jpg,[1],"[8.0, 23.0, 391.0, 284.0]"
10cent_860.jpg,[1],"[77.0, 68.0, 327.0, 330.0]"
10cent_861.jpg,[1],"[24.0, 10.0, 272.0, 386.0]"
10cent_862.jpg,[1],"[117.0, 0.0, 389.0, 380.0]"
10cent_863.jpg,[1],"[62.0, 147.0, 303.0, 388.0]"
10cent_864.jpg,[1],"[25.0, 32.0, 323.0, 339.0]"
10cent_865.jpg,[1],"[64.0, 70.0, 393.0, 375.0]"
10cent_866.jpg,[1],"[105.0, 132.0, 350.0, 377.0]"
10cent_867.jpg,[1],"[129.0, 6.0, 375.0, 252.0]"
10cent_868.jpg,[1],"[78.0, 85.0, 321.0, 330.0]"
10cent_869.jpg,[1],"[131.0, 13.0, 376.0, 258.0]"
10cent_870.jpg,[1],"[38.0, 38.0, 371.0, 330.0]"
10cent_871.jpg,[1],"[49.0, 20.0, 294.0, 266.0]"
10cent_872.jpg,[1],"[65.0, 66.0, 399.0, 361.0]"
10cent_873.jpg,[1],"[79.0, 60.0, 327.0, 305.0]"
10cent_874.jpg,[1],"[55.0, 6.0, 301.0, 252.0]"
10cent_875.jpg,[1],"[104.0, 98.0, 355.0, 340.0]"
10cent_876.jpg,[1],"[0.0, 33.0, 365.0, 311.0]"
10cent_877.jpg,[1],"[0.0, 71.0, 236.0, 315.0]"
10cent_878.jpg,[1],"[132.0, 101.0, 375.0, 345.0]"
10cent_879.jpg,[1],"[32.0, 38.0, 399.0, 337.0]"
10cent_880.jpg,[1],"[28.0, 66.0, 361.0, 361.0]"
10cent_881.jpg,[1],"[34.0, 98.0, 280.0, 341.0]"
10cent_882.jpg,[1],"[44.0, 8.0, 376.0, 297.0]"
10cent_883.jpg,[1],"[98.0, 33.0, 399.0, 394.0]"
10cent_884.jpg,[1],"[108.0, 0.0, 357.0, 383.0]"
10cent_885.jpg,[1],"[66.0, 8.0, 380.0, 341.0]"
10cent_886.jpg,[1],"[3.0, 6.0, 246.0, 248.0]"
10cent_887.jpg,[1],"[73.0, 13.0, 332.0, 374.0]"
10cent_888.jpg,[1],"[139.0, 6.0, 386.0, 394.0]"
10cent_889.jpg,[1],"[70.0, 0.0, 319.0, 388.0]"
10cent_890.jpg,[1],"[89.0, 104.0, 333.0, 350.0]"
10cent_891.jpg,[1],"[136.0, 139.0, 378.0, 383.0]"
10cent_892.jpg,[1],"[32.0, 53.0, 373.0, 379.0]"
10cent_893.jpg,[1],"[93.0, 0.0, 340.0, 254.0]"
10cent_894.jpg,[1],"[29.0, 105.0, 273.0, 352.0]"
10cent_895.jpg,[1],"[70.0, 3.0, 319.0, 389.0]"
10cent_896.jpg,[1],"[94.0, 63.0, 338.0, 326.0]"
10cent_897.jpg,[1],"[25.0, 42.0, 327.0, 393.0]"
10cent_898.jpg,[1],"[47.0, 23.0, 349.0, 377.0]"
10cent_899.jpg,[1],"[35.0, 120.0, 396.0, 369.0]"
10cent_900.jpg,[1],"[38.0, 7.0, 349.0, 330.0]"
10cent_901.jpg,[1],"[40.0, 80.0, 287.0, 326.0]"
10cent_902.jpg,[1],"[75.0, 41.0, 383.0, 388.0]"
10cent_903.jpg,[1],"[22.0, 13.0, 270.0, 389.0]"
10cent_904.jpg,[1],"[81.0, 72.0, 330.0, 322.0]"
10cent_905.jpg,[1],"[139.0, 146.0, 396.0, 393.0]"
10cent_906.jpg,[1],"[89.0, 132.0, 333.0, 377.0]"
10cent_907.jpg,[1],"[91.0, 50.0, 338.0, 298.0]"
10cent_908.jpg,[1],"[138.0, 70.0, 384.0, 313.0]"
10cent_909.jpg,[1],"[79.0, 61.0, 337.0, 310.0]"
10cent_910.jpg,[1],"[60.0, 73.0, 307.0, 317.0]"
10cent_911.jpg,[1],"[146.0, 138.0, 390.0, 397.0]"
10cent_912.jpg,[1],"[109.0, 10.0, 354.0, 254.0]"
10cent_913.jpg,[1],"[21.0, 8.0, 351.0, 310.0]"
10cent_914.jpg,[1],"[10.0, 7.0, 330.0, 320.0]"
10cent_915.jpg,[1],"[92.0, 81.0, 339.0, 324.0]"
10cent_916.jpg,[1],"[19.0, 128.0, 265.0, 372.0]"
10cent_917.jpg,[1],"[38.0, 49.0, 286.0, 293.0]"
10cent_918.jpg,[1],"[130.0, 83.0, 376.0, 327.0]"
10cent_919.jpg,[1],"[32.0, 83.0, 275.0, 329.0]"
10cent_920.jpg,[1],"[141.0, 128.0, 386.0, 374.0]"
10cent_921.jpg,[1],"[72.0, 65.0, 316.0, 309.0]"
10cent_922.jpg,[1],"[99.0, 33.0, 345.0, 294.0]"
10cent_923.jpg,[1],"[13.0, 35.0, 332.0, 320.0]"
10cent_924.jpg,[1],"[65.0, 0.0, 314.0, 386.0]"
10cent_925.jpg,[1],"[45.0, 144.0, 291.0, 388.0]"
10cent_926.jpg,[1],"[149.0, 108.0, 392.0, 351.0]"
10cent_927.jpg,[1],"[35.0, 57.0, 378.0, 350.0]"
10cent_928.jpg,[1],"[69.0, 73.0, 328.0, 317.0]"
10cent_929.jpg,[1],"[55.0, 4.0, 302.0, 264.0]"
10cent_930.jpg,[1],"[135.0, 33.0, 380.0, 281.0]"
10cent_931.jpg,[1],"[91.0, 126.0, 354.0, 371.0]"
10cent_932.jpg,[1],"[135.0, 26.0, 380.0, 269.0]"
10cent_933.jpg,[1],"[17.0, 80.0, 259.0, 328.0]"
10cent_934.jpg,[1],"[60.0, 43.0, 377.0, 394.0]"
10cent_935.jpg,[1],"[25.0, 38.0, 370.0, 350.0]"
10cent_936.jpg,[1],"[31.0, 9.0, 301.0, 373.0]"
10cent_937.jpg,[1],"[2.0, 146.0, 245.0, 389.0]"
10cent_938.jpg,[1],"[117.0, 92.0, 364.0, 335.0]"
10cent_939.jpg,[1],"[0.0, 82.0, 399.0, 327.0]"
10cent_940.jpg,[1],"[19.0, 96.0, 265.0, 343.0]"
10cent_941.jpg,[1],"[31.0, 12.0, 273.0, 258.0]"
10cent_942.jpg,[1],"[132.0, 32.0, 399.0, 394.0]"
10cent_943.jpg,[1],"[85.0, 12.0, 333.0, 257.0]"
10cent_944.jpg,[1],"[10.0, 104.0, 254.0, 351.0]"
10cent_945.jpg,[1],"[22.0, 45.0, 332.0, 367.0]"
10cent_946.jpg,[1],"[80.0, 20.0, 341.0, 268.0]"
10cent_947.jpg,[1],"[78.0, 75.0, 320.0, 319.0]"
10cent_948.jpg,[1],"[15.0, 80.0, 261.0, 328.0]"
10cent_949.jpg,[1],"[85.0, 80.0, 330.0, 322.0]"
10cent_950.jpg,[1],"[61.0, 101.0, 308.0, 344.0]"
10cent_951.jpg,[1],"[114.0, 22.0, 358.0, 269.0]"
10cent_952.jpg,[1],"[61.0, 58.0, 330.0, 393.0]"
10cent_953.jpg,[1],"[66.0, 24.0, 315.0, 269.0]"
10cent_954.jpg,[1],"[98.0, 145.0, 344.0, 392.0]"
10cent_955.jpg,[1],"[126.0, 45.0, 371.0, 290.0]"
10cent_956.jpg,[1],"[0.0, 21.0, 350.0, 311.0]"
10cent_957.jpg,[1],"[121.0, 2.0, 382.0, 363.0]"
10cent_958.jpg,[1],"[0.0, 126.0, 399.0, 399.0]"
10cent_959.jpg,[1],"[50.0, 72.0, 384.0, 394.0]"
10cent_960.jpg,[1],"[93.0, 18.0, 337.0, 281.0]"
10cent_961.jpg,[1],"[37.0, 13.0, 311.0, 352.0]"
10cent_962.jpg,[1],"[66.0, 21.0, 311.0, 266.0]"
10cent_963.jpg,[1],"[95.0, 85.0, 350.0, 329.0]"
10cent_964.jpg,[1],"[58.0, 63.0, 383.0, 377.0]"
10cent_965.jpg,[1],"[82.0, 87.0, 327.0, 334.0]"
10cent_966.jpg,[1],"[7.0, 43.0, 250.0, 291.0]"
10cent_967.jpg,[1],"[107.0, 19.0, 394.0, 317.0]"
10cent_968.jpg,[1],"[144.0, 92.0, 387.0, 339.0]"
10cent_969.jpg,[1],"[24.0, 51.0, 267.0, 298.0]"
10cent_970.jpg,[1],"[38.0, 51.0, 355.0, 389.0]"
10cent_971.jpg,[1],"[19.0, 64.0, 332.0, 389.0]"
10cent_972.jpg,[1],"[26.0, 50.0, 318.0, 369.0]"
10cent_973.jpg,[1],"[12.0, 58.0, 255.0, 306.0]"
10cent_974.jpg,[1],"[38.0, 67.0, 388.0, 333.0]"
10cent_975.jpg,[1],"[61.0, 27.0, 308.0, 270.0]"
10cent_976.jpg,[1],"[35.0, 51.0, 327.0, 378.0]"
10cent_977.jpg,[1],"[129.0, 98.0, 377.0, 357.0]"
10cent_978.jpg,[1],"[16.0, 12.0, 349.0, 316.0]"
10cent_979.jpg,[1],"[5.0, 38.0, 305.0, 396.0]"
10cent_980.jpg,[1],"[48.0, 44.0, 361.0, 368.0]"
10cent_981.jpg,[1],"[32.0, 132.0, 277.0, 380.0]"
10cent_982.jpg,[1],"[3.0, 19.0, 311.0, 324.0]"
10cent_983.jpg,[1],"[121.0, 29.0, 364.0, 277.0]"
10cent_984.jpg,[1],"[22.0, 14.0, 264.0, 259.0]"
10cent_985.jpg,[1],"[45.0, 6.0, 315.0, 363.0]"
10cent_986.jpg,[1],"[50.0, 61.0, 316.0, 399.0]"
10cent_987.jpg,[1],"[84.0, 128.0, 333.0, 374.0]"
10cent_988.jpg,[1],"[6.0, 81.0, 250.0, 327.0]"
10cent_989.jpg,[1],"[19.0, 0.0, 318.0, 335.0]"
10cent_990.jpg,[1],"[68.0, 24.0, 314.0, 272.0]"
10cent_991.jpg,[1],"[145.0, 47.0, 389.0, 292.0]"
10cent_992.jpg,[1],"[124.0, 67.0, 367.0, 316.0]"
10cent_993.jpg,[1],"[91.0, 113.0, 330.0, 354.0]"
10cent_994.jpg,[1],"[140.0, 115.0, 386.0, 376.0]"
10cent_995.jpg,[1],"[104.0, 30.0, 351.0, 279.0]"
10cent_996.jpg,[1],"[140.0, 70.0, 383.0, 315.0]"
10cent_997.jpg,[1],"[69.0, 77.0, 315.0, 325.0]"
10cent_998.jpg,[1],"[72.0, 94.0, 320.0, 337.0]"
10cent_999.jpg,[1],"[85.0, 126.0, 331.0, 371.0]"
10cent_1000.jpg,[1],"[38.0, 71.0, 366.0, 338.0]"
10cent_1001.jpg,[1],"[134.0, 55.0, 380.0, 298.0]"
10cent_1002.jpg,[1],"[28.0, 0.0, 301.0, 350.0]"
10cent_1003.jpg,[1],"[141.0, 58.0, 382.0, 300.0]"
10cent_1004.jpg,[1],"[12.0, 24.0, 330.0, 371.0]"
10cent_1005.jpg,[1],"[155.0, 10.0, 397.0, 252.0]"
10cent_1006.jpg,[1],"[13.0, 5.0, 320.0, 324.0]"
10cent_1007.jpg,[1],"[23.0, 140.0, 361.0, 398.0]"
10cent_1008.jpg,[1],"[13.0, 13.0, 295.0, 339.0]"
10cent_1009.jpg,[1],"[72.0, 4.0, 320.0, 357.0]"
10cent_1010.jpg,[1],"[36.0, 136.0, 285.0, 382.0]"
10cent_1011.jpg,[1],"[8.0, 44.0, 340.0, 358.0]"
10cent_1012.jpg,[1],"[17.0, 98.0, 258.0, 339.0]"
10cent_1013.jpg,[1],"[34.0, 7.0, 386.0, 306.0]"
10cent_1014.jpg,[1],"[24.0, 145.0, 286.0, 388.0]"
10cent_1015.jpg,[1],"[145.0, 90.0, 390.0, 353.0]"
10cent_1016.jpg,[1],"[1.0, 53.0, 330.0, 361.0]"
10cent_1017.jpg,[1],"[79.0, 67.0, 321.0, 312.0]"
10cent_1018.jpg,[1],"[79.0, 78.0, 321.0, 323.0]"
10cent_1019.jpg,[1],"[6.0, 82.0, 254.0, 344.0]"
10cent_1020.jpg,[1],"[126.0, 53.0, 375.0, 313.0]"
10cent_1021.jpg,[1],"[1.0, 0.0, 398.0, 400.0]"
10cent_1022.jpg,[1],"[0.0, 1.0, 400.0, 398.0]"
10cent_1023.jpg,[1],"[13.0, 19.0, 345.0, 300.0]"
10cent_1.jpg,[1],"[19.0, 15.0, 135.0, 127.0]"
10cent_2.jpg,[1],"[17.0, 15.0, 136.0, 134.0]"
10cent_3.jpg,[1],"[16.0, 14.0, 138.0, 137.0]"
10cent_4.jpg,[1],"[14.0, 15.0, 136.0, 138.0]"
10cent_5.jpg,[1],"[18.0, 27.0, 129.0, 139.0]"
10cent_6.jpg,[1],"[16.0, 26.0, 125.0, 138.0]"
10cent_7.jpg,[1],"[19.0, 19.0, 127.0, 133.0]"
10cent_8.jpg,[1],"[15.0, 13.0, 132.0, 127.0]"
10cent_9.jpg,[1],"[24.0, 28.0, 137.0, 142.0]"
10cent_10.jpg,[1],"[20.0, 16.0, 129.0, 122.0]"
10cent_11.jpg,[1],"[22.0, 18.0, 129.0, 129.0]"
10cent_12.jpg,[1],"[22.0, 18.0, 131.0, 125.0]"
10cent_13.jpg,[1],"[12.0, 15.0, 134.0, 135.0]"
10cent_14.jpg,[1],"[18.0, 21.0, 134.0, 135.0]"
10cent_15.jpg,[1],"[10.0, 12.0, 130.0, 134.0]"
10cent_16.jpg,[1],"[19.0, 21.0, 129.0, 127.0]"
10cent_17.jpg,[1],"[18.0, 18.0, 130.0, 130.0]"
10cent_18.jpg,[1],"[18.0, 22.0, 130.0, 134.0]"
10cent_19.jpg,[1],"[22.0, 18.0, 133.0, 131.0]"
10cent_20.jpg,[1],"[22.0, 19.0, 126.0, 128.0]"
10cent_21.jpg,[1],"[24.0, 21.0, 133.0, 126.0]"
